name,validFrom,changeEventDescription
Fétigny-Ménières,2026-01-01,Fusion of Fétigny and Ménières into Fétigny-Ménières
Gurmels,2026-01-01,Incorporation of Ulmiz into Gurmels
Grolley-Ponthaux,2025-01-01,Fusion of Grolley and Ponthaux into Grolley-Ponthaux
Rue,2025-01-01,"Incorporation of Auboranges, Chapelle (Glâne) and Ecublens (FR) into Rue"
Ursy,2025-01-01,Incorporation of Montet (Glâne) into Ursy
Murten,2022-01-01,"Incorporation of Clavaleyres, Galmiz and Gempenach into Murten"
Bois-d'Amont,2021-01-01,"Fusion of Arconciel, Ependes (FR) and Senèdes into Bois-d'Amont"
Surpierre,2021-01-01,Incorporation of Cheiry into Surpierre
Tafers,2021-01-01,Incorporation of Alterswil and St. Antoni into Tafers
Prez,2020-01-01,"Fusion of Corserey, Noréaz and Prez-vers-Noréaz into Prez"
Villaz,2020-01-01,Fusion of La Folliaz and Villaz-Saint-Pierre into Villaz
Corminboeuf,2017-01-01,Incorporation of Chésopelloz into Corminboeuf
Estavayer,2017-01-01,"Fusion of Bussy (FR), Estavayer-le-Lac, Morens (FR), Murist, Rueyres-les-Prés, Vernay and Vuissens into Estavayer"
Cheyres-Châbles,2017-01-01,Fusion of Cheyres and Châbles into Cheyres-Châbles
Courtepin,2017-01-01,"Incorporation of Barberêche, Villarepos and Wallenried into Courtepin"
Plaffeien,2017-01-01,Incorporation of Oberschrot and Zumholz into Plaffeien
Belfaux,2016-01-01,Incorporation of Autafond into Belfaux
Gibloux,2016-01-01,"Fusion of Corpataux-Magnedens, Farvagny, Le Glèbe, Rossens (FR) and Vuisternens-en-Ogoz into Gibloux"
Belmont-Broye,2016-01-01,"Fusion of Domdidier, Dompierre (FR), Léchelles and Russy into Belmont-Broye"
Mont-Vully,2016-01-01,Fusion of Bas-Vully and Haut-Vully into Mont-Vully
Val-de-Charmey,2014-01-01,Fusion of Cerniat (FR) and Charmey into Val-de-Charmey
Corbières,2011-01-01,Incorporation of Villarvolard into Corbières
Lully (FR),2006-01-01,Incorporation of Bollion and Seiry into Lully (FR)
Ried bei Kerzers,2006-01-01,Incorporation of Agriswil into Ried bei Kerzers
Botterens,2006-01-01,Incorporation of Villarbeney into Botterens
Bulle,2006-01-01,Incorporation of La Tour-de-Trême into Bulle
Cugy (FR),2005-01-01,Incorporation of Vesin into Cugy (FR)
Delley-Portalban,2005-01-01,Fusion of Delley and Portalban into Delley-Portalban
La Sonnaz,2004-01-01,"Fusion of Cormagens, La Corbaz and Lossy-Formangueires into La Sonnaz"
Montagny (FR),2004-01-01,Incorporation of Mannens-Grandsivaz into Montagny (FR)
Les Montets,2004-01-01,"Fusion of Aumont, Frasses, Granges-de-Vesin and Montet (Broye) into Les Montets"
Bas-Intyamon,2004-01-01,"Fusion of Enney, Estavannens and Villars-sous-Mont into Bas-Intyamon"
Mézières (FR),2004-01-01,Incorporation of Berlens into Mézières (FR)
Siviriez,2004-01-01,"Incorporation of Chavannes-les-Forts, Prez-vers-Siviriez and Villaraboud into Siviriez"
Vuisternens-dev-Romont,2004-01-01,Incorporation of La Neirigue into Vuisternens-devant-Romont
Torny,2004-01-01,Fusion of Middes and Torny-le-Grand into Torny
Saint-Martin (FR),2004-01-01,Incorporation of Besencens and Fiaugères into Saint-Martin (FR)
Le Flon,2004-01-01,"Fusion of Bouloz, Pont (Veveyse) and Porsel into Le Flon"
La Verrerie,2004-01-01,"Fusion of Grattavache, Le Crêt and Progens into La Verrerie"
Le Mouret,2003-01-01,"Fusion of Bonnefontaine, Essert (FR), Montévraz, Oberried (FR), Praroman and Zénauva into Le Mouret"
Pont-en-Ogoz,2003-01-01,"Fusion of Avry-devant-Pont, Gumefens and Le Bry into Pont-en-Ogoz"
Haut-Intyamon,2002-01-01,"Fusion of Albeuve, Lessoc, Montbovon and Neirivue into Haut-Intyamon"
Avry,2001-01-01,Fusion of Avry-sur-Matran and Corjolens into Avry
Hauterive (FR),2001-01-01,Fusion of Ecuvillens and Posieux into Hauterive (FR)
La Brillaz,2001-01-01,"Fusion of Lentigny, Lovens and Onnens (FR) into La Brillaz"
Marsens,2001-01-01,Incorporation of Vuippens into Marsens
Sâles,2001-01-01,"Fusion of Maules, Romanens, Rueyres-Treyfayes and Sâles (Gruyère) into Sâles"
Villorsonnens,2001-01-01,"Fusion of Chavannes-sous-Orsonnens, Orsonnens, Villargiroud and Villarsiviriaux into Villorsonnens"
Billens-Hennens,1998-01-01,Fusion of Billens and Hennens into Billens-Hennens
Misery-Courtion,1997-01-01,"Fusion of Cormérod, Cournillens, Courtion and Misery into Misery-Courtion"
Saint-Aubin (FR),1991-01-01,Incorporation of Les Friques into Saint-Aubin (FR)
Romont (FR),1981-01-01,Incorporation of Les Glânes into Romont (FR)
Marly,1976-01-01,Incorporation of Chésalles into Marly
Wünnewil-Flamatt,1974-01-01,Name change from Wünnewil to Wünnewil-Flamatt
Plasselb,1971-01-01,Incorporation of Neuhaus into Plasselb
Semsales,1968-01-01,Incorporation of La Rougève into Semsales
Bösingen,1962-01-01,Name change from Grossbösingen to Bösingen
Autigny,1960-01-01,Initial recording of the municipality Autigny
Chénens,1960-01-01,Initial recording of the municipality Chénens
Cottens (FR),1960-01-01,Initial recording of the municipality Cottens (FR)
Ferpicloz,1960-01-01,Initial recording of the municipality Ferpicloz
Fribourg,1960-01-01,Initial recording of the municipality Fribourg
Givisiez,1960-01-01,Initial recording of the municipality Givisiez
Granges-Paccot,1960-01-01,Initial recording of the municipality Granges-Paccot
Matran,1960-01-01,Initial recording of the municipality Matran
Neyruz (FR),1960-01-01,Initial recording of the municipality Neyruz (FR)
Pierrafortscha,1960-01-01,Initial recording of the municipality Pierrafortscha
Treyvaux,1960-01-01,Initial recording of the municipality Treyvaux
Villars-sur-Glâne,1960-01-01,Initial recording of the municipality Villars-sur-Glâne
Villarsel-sur-Marly,1960-01-01,Initial recording of the municipality Villarsel-sur-Marly
Châtillon (FR),1960-01-01,Initial recording of the municipality Châtillon (FR)
Gletterens,1960-01-01,Initial recording of the municipality Gletterens
Nuvilly,1960-01-01,Initial recording of the municipality Nuvilly
Prévondavaux,1960-01-01,Initial recording of the municipality Prévondavaux
Sévaz,1960-01-01,Initial recording of the municipality Sévaz
Vallon,1960-01-01,Initial recording of the municipality Vallon
Courgevaux,1960-01-01,Initial recording of the municipality Courgevaux
Cressier (FR),1960-01-01,Initial recording of the municipality Cressier (FR)
Fräschels,1960-01-01,Initial recording of the municipality Fräschels
Greng,1960-01-01,Initial recording of the municipality Greng
Kerzers,1960-01-01,Initial recording of the municipality Kerzers
Kleinbösingen,1960-01-01,Initial recording of the municipality Kleinbösingen
Meyriez,1960-01-01,Initial recording of the municipality Meyriez
Muntelier,1960-01-01,Initial recording of the municipality Muntelier
Broc,1960-01-01,Initial recording of the municipality Broc
Châtel-sur-Montsalvens,1960-01-01,Initial recording of the municipality Châtel-sur-Montsalvens
Crésuz,1960-01-01,Initial recording of the municipality Crésuz
Echarlens,1960-01-01,Initial recording of the municipality Echarlens
Grandvillard,1960-01-01,Initial recording of the municipality Grandvillard
Gruyères,1960-01-01,Initial recording of the municipality Gruyères
Hauteville,1960-01-01,Initial recording of the municipality Hauteville
Jaun,1960-01-01,Initial recording of the municipality Jaun
Morlon,1960-01-01,Initial recording of the municipality Morlon
Le Pâquier (FR),1960-01-01,Initial recording of the municipality Le Pâquier (FR)
Pont-la-Ville,1960-01-01,Initial recording of the municipality Pont-la-Ville
Riaz,1960-01-01,Initial recording of the municipality Riaz
La Roche,1960-01-01,Initial recording of the municipality La Roche
Sorens,1960-01-01,Initial recording of the municipality Sorens
Vaulruz,1960-01-01,Initial recording of the municipality Vaulruz
Vuadens,1960-01-01,Initial recording of the municipality Vuadens
Le Châtelard,1960-01-01,Initial recording of the municipality Le Châtelard
Châtonnaye,1960-01-01,Initial recording of the municipality Châtonnaye
Grangettes,1960-01-01,Initial recording of the municipality Grangettes
Massonnens,1960-01-01,Initial recording of the municipality Massonnens
Brünisried,1960-01-01,Initial recording of the municipality Brünisried
Düdingen,1960-01-01,Initial recording of the municipality Düdingen
Giffers,1960-01-01,Initial recording of the municipality Giffers
Heitenried,1960-01-01,Initial recording of the municipality Heitenried
Rechthalten,1960-01-01,Initial recording of the municipality Rechthalten
St. Silvester,1960-01-01,Initial recording of the municipality St. Silvester
St. Ursen,1960-01-01,Initial recording of the municipality St. Ursen
Schmitten (FR),1960-01-01,Initial recording of the municipality Schmitten (FR)
Tentlingen,1960-01-01,Initial recording of the municipality Tentlingen
Ueberstorf,1960-01-01,Initial recording of the municipality Ueberstorf
Attalens,1960-01-01,Initial recording of the municipality Attalens
Bossonnens,1960-01-01,Initial recording of the municipality Bossonnens
Châtel-Saint-Denis,1960-01-01,Initial recording of the municipality Châtel-Saint-Denis
Granges (Veveyse),1960-01-01,Initial recording of the municipality Granges (Veveyse)
Remaufens,1960-01-01,Initial recording of the municipality Remaufens
